{
  "eval_costs": {
    "spread": 0.02,
    "commission": 0.5
  },
  "train": {
    "sharpe": 3.020190433999838,
    "trades": 1735,
    "action_counts": {
      "0": 0,
      "1": 103119,
      "2": 9663
    }
  },
  "val": {
    "sharpe": 6.97223676584283,
    "trades": 323,
    "action_counts": {
      "0": 0,
      "1": 13905,
      "2": 1419
    }
  },
  "test": {
    "sharpe": 4.740434395667176,
    "trades": 430,
    "action_counts": {
      "0": 0,
      "1": 16314,
      "2": 1108
    }
  }
}
