{
  "open": {
    "mean": 1602.923571666792,
    "std": 392.34362567800764
  },
  "high": {
    "mean": 1603.7399151540938,
    "std": 392.57673448620045
  },
  "low": {
    "mean": 1602.054155864208,
    "std": 392.0665886618756
  },
  "close": {
    "mean": 1602.8879236153525,
    "std": 392.2986948483127
  },
  "volume": {
    "mean": 0.6420728358186423,
    "std": 0.4973099176899871
  },
  "log_ret": {
    "mean": 1.3941106549312736e-06,
    "std": 0.0010621334991528226
  },
  "open_ret": {
    "mean": 1.4562919063682463e-06,
    "std": 0.00106753985936247
  },
  "high_ret": {
    "mean": 5.722425086382314e-06,
    "std": 0.0010805894723175137
  },
  "low_ret": {
    "mean": -3.3777531670824787e-06,
    "std": 0.0011111632611305962
  },
  "close_ret": {
    "mean": 1.1350125520918456e-06,
    "std": 0.0010658027239412201
  },
  "zscore_close": {
    "mean": 0.07673848375873371,
    "std": 2.0626876571443717
  },
  "zscore_log_ret": {
    "mean": -0.0022924578098146263,
    "std": 0.9716321152115217
  },
  "corr_close_dxy": {
    "mean": -0.04377202021388871,
    "std": 0.9172754257848446
  },
  "corr_close_us10y": {
    "mean": 0.00735545012928937,
    "std": 0.9188240483441318
  },
  "corr_dxy_60": {
    "mean": -0.04738884362118286,
    "std": 0.9108705025496255
  },
  "corr_close_us10y_60": {
    "mean": 0.005402101253945854,
    "std": 0.911905819832722
  },
  "dxy_close": {
    "mean": 98.0136314308654,
    "std": 4.87537433853614
  },
  "dxy_close_ret": {
    "mean": 1.1016234726261469e-06,
    "std": 0.0005794946997367307
  },
  "dxy_ret": {
    "mean": 1.1016234726261469e-06,
    "std": 0.0005794946997367307
  },
  "us10y_price": {
    "mean": 2.482262909767161,
    "std": 1.052072133238634
  },
  "us10y_price_ret": {
    "mean": 4.5141867088242795e-06,
    "std": 0.004036610405214448
  },
  "us10y_price_ret_pct": {
    "mean": 1.2689031348174277e-05,
    "std": 0.004078482749239783
  },
  "macd": {
    "mean": 0.057931469123943646,
    "std": 2.2411666771231653
  },
  "macd_signal": {
    "mean": 0.0617439635894396,
    "std": 2.1521119183328836
  },
  "macd_hist": {
    "mean": -0.003812494272675294,
    "std": 0.6326206944738734
  },
  "rsi": {
    "mean": 50.29378174873973,
    "std": 16.911243617663377
  },
  "cci": {
    "mean": 0.9706528027159235,
    "std": 167.26395234973194
  },
  "atr": {
    "mean": 1.737196154467037,
    "std": 1.1362780687045608
  },
  "adx": {
    "mean": 36.58133080530665,
    "std": 15.436916826050014
  },
  "vol_96": {
    "mean": 0.0007919035616773536,
    "std": 0.0006048046910232589
  },
  "vol_288": {
    "mean": 0.0008835031539325294,
    "std": 0.0004672127560703713
  },
  "wti_close": {
    "mean": 62.07524797046451,
    "std": 18.12440925244244
  },
  "wti_close_ret": {
    "mean": 3.942458243352111e-06,
    "std": 0.0037232811054484093
  },
  "gld_close": {
    "mean": 150.5672840937944,
    "std": 35.20783632990537
  },
  "gld_close_ret": {
    "mean": 5.018500673277383e-06,
    "std": 0.0011571979285255188
  },
  "hour_sin": {
    "mean": 0.4719310461217516,
    "std": 0.4487093629961234
  },
  "hour_cos": {
    "mean": -0.1096115108579977,
    "std": 0.7509537528974318
  },
  "session_state": {
    "mean": 0.45778634807134083,
    "std": 0.49832670916408867
  },
  "volatility_ratio": {
    "mean": 1.0245973716515857,
    "std": 0.6792838764707319
  }
}